{"stats":{"minecraft:crafted":{"morearmor:cobblestone_armor_boots":2,"morearmor:cobblestone_armor_chestplate":2,"minecraft:cooked_porkchop":4,"minecraft:crafting_table":1,"morearmor:cobblestone_armor_helmet":2,"morearmor:cobblestone_armor_leggings":2,"minecraft:spruce_planks":112,"minecraft:stick":84,"minecraft:wooden_pickaxe":2,"minecraft:stone_pickaxe":2,"spartanshields:wooden_basic_shield":1,"spartanshields:stone_basic_shield":1,"minecraft:dark_oak_planks":32,"minecraft:air":0},"minecraft:picked_up":{"minecraft:wooden_axe":1,"minecraft:stone_slab":1,"minecraft:spruce_log":18,"minecraft:dark_oak_log":8,"minecraft:dirt":6,"minecraft:bone":2,"minecraft:rotten_flesh":2,"minecraft:wheat_seeds":3,"minecraft:sugar_cane":8,"minecraft:mutton":5,"minecraft:coal":4,"minecraft:white_wool":3,"minecraft:cobblestone":131},"minecraft:killed":{"minecraft:sheep":3,"minecraft:zombie":1},"minecraft:mined":{"minecraft:spruce_log":18,"minecraft:dark_oak_log":8,"minecraft:grass":2,"minecraft:grass_block":4,"minecraft:coal_ore":4,"minecraft:dirt":2,"minecraft:stone_slab":1,"minecraft:tall_grass":9,"minecraft:stone":124,"minecraft:sugar_cane":2,"minecraft:fern":1},"minecraft:used":{"minecraft:wooden_axe":28,"minecraft:bread":3,"minecraft:stone_pickaxe":88,"minecraft:wooden_pickaxe":43,"minecraft:dirt":1,"minecraft:crafting_table":1,"minecraft:cooked_porkchop":1,"tombstone:gift":1},"minecraft:killed_by":{"minecraft:zombie":1},"minecraft:custom":{"minecraft:time_since_rest":13316,"minecraft:waystone_activated":1,"minecraft:interact_with_furnace":2,"minecraft:sprint_one_cm":141379,"minecraft:damage_taken":911,"minecraft:walk_one_cm":84120,"minecraft:mob_kills":5,"minecraft:drop":14,"minecraft:damage_dealt":623,"minecraft:interact_with_crafting_table":9,"minecraft:swim_one_cm":2078,"minecraft:player_kills":1,"minecraft:fly_one_cm":400439,"minecraft:open_barrel":3,"minecraft:open_chest":3,"minecraft:crouch_one_cm":1393,"minecraft:play_time":50533,"tombstone:undead_killed":1,"minecraft:deaths":4,"minecraft:sneak_time":654,"minecraft:walk_under_water_one_cm":3167,"minecraft:jump":1442,"minecraft:leave_game":2,"minecraft:time_since_death":13410,"minecraft:walk_on_water_one_cm":1880,"minecraft:climb_one_cm":176,"minecraft:total_world_time":50533,"minecraft:fall_one_cm":29574},"minecraft:dropped":{"minecraft:snow_block":9,"minecraft:dirt":2,"minecraft:wheat_seeds":3,"minecraft:ice":19,"tombstone:grave_key":2,"tombstone:grave_dust":1,"minecraft:rotten_flesh":1,"minecraft:stone_slab":1,"minecraft:wooden_pickaxe":2}},"DataVersion":3120}