{"stats":{"minecraft:crafted":{"minecraft:cooked_porkchop":4,"morearmor:cobblestone_armor_helmet":2,"minecraft:crafting_table":1,"minecraft:spruce_planks":112,"minecraft:wooden_pickaxe":2,"spartanshields:stone_basic_shield":2,"minecraft:stone_axe":1,"minecraft:air":0,"morearmor:cobblestone_armor_boots":2,"morearmor:cobblestone_armor_chestplate":2,"morearmor:cobblestone_armor_leggings":2,"minecraft:stick":84,"minecraft:stone_pickaxe":2,"spartanshields:wooden_basic_shield":2,"minecraft:dark_oak_planks":32},"minecraft:picked_up":{"minecraft:wooden_axe":1,"minecraft:crafting_table":1,"minecraft:leather":11,"minecraft:stone_slab":1,"minecraft:dirt":6,"minecraft:raw_copper":2,"minecraft:bone":3,"minecraft:wheat_seeds":3,"minecraft:beef":20,"minecraft:sugar_cane":8,"minecraft:egg":2,"minecraft:raw_iron":15,"tombstone:grave_dust":1,"minecraft:diorite":1,"minecraft:spruce_log":18,"minecraft:dark_oak_log":8,"minecraft:arrow":2,"minecraft:rotten_flesh":2,"minecraft:mutton":13,"minecraft:coal":30,"minecraft:white_wool":9,"minecraft:cobblestone":171},"minecraft:killed":{"minecraft:sheep":9,"minecraft:skeleton":1,"minecraft:zombie":2,"minecraft:cow":9},"minecraft:mined":{"minecraft:dark_oak_log":8,"minecraft:crafting_table":1,"minecraft:grass_block":4,"minecraft:stone_slab":1,"minecraft:copper_ore":1,"minecraft:tall_grass":11,"minecraft:sugar_cane":2,"minecraft:diorite":1,"minecraft:iron_ore":15,"minecraft:spruce_log":18,"minecraft:grass":3,"minecraft:coal_ore":26,"minecraft:dirt":2,"minecraft:stone":164,"minecraft:fern":1},"minecraft:used":{"minecraft:stone_pickaxe":167,"minecraft:wooden_pickaxe":43,"minecraft:dirt":1,"minecraft:crafting_table":1,"minecraft:wooden_axe":28,"spartanshields:stone_basic_shield":9,"minecraft:bread":3,"minecraft:stone_axe":24,"minecraft:beef":5,"minecraft:cooked_porkchop":1,"tombstone:gift":1},"minecraft:killed_by":{"minecraft:skeleton":1,"minecraft:zombie":1},"minecraft:custom":{"minecraft:interact_with_furnace":2,"minecraft:mob_kills":22,"minecraft:interact_with_crafting_table":10,"minecraft:open_barrel":3,"minecraft:leave_game":2,"minecraft:time_since_death":3275,"minecraft:climb_one_cm":534,"minecraft:time_since_rest":876,"minecraft:waystone_activated":1,"minecraft:sprint_one_cm":175708,"minecraft:damage_taken":1291,"minecraft:walk_one_cm":106856,"minecraft:damage_blocked_by_shield":370,"minecraft:drop":14,"minecraft:damage_dealt":2424,"minecraft:swim_one_cm":2078,"minecraft:fly_one_cm":512206,"minecraft:player_kills":1,"minecraft:open_chest":3,"minecraft:crouch_one_cm":1607,"minecraft:play_time":62533,"tombstone:undead_killed":3,"minecraft:deaths":5,"minecraft:sneak_time":798,"minecraft:walk_under_water_one_cm":3295,"minecraft:jump":1824,"minecraft:walk_on_water_one_cm":2719,"minecraft:total_world_time":62533,"minecraft:fall_one_cm":40166},"minecraft:dropped":{"minecraft:snow_block":9,"minecraft:wheat_seeds":3,"minecraft:rotten_flesh":1,"minecraft:stone_slab":1,"minecraft:dirt":2,"minecraft:ice":19,"tombstone:grave_key":2,"tombstone:grave_dust":1,"minecraft:wooden_pickaxe":2}},"DataVersion":3120}