{"stats":{"minecraft:crafted":{"minecraft:arrow":96,"spartanweaponry:iron_scythe":1,"minecraft:cooked_porkchop":4,"spartanweaponry:pole":2,"morearmor:cobblestone_armor_helmet":3,"minecraft:crafting_table":2,"minecraft:spruce_planks":176,"minecraft:wooden_pickaxe":3,"spartanshields:stone_basic_shield":3,"minecraft:stone_axe":2,"minecraft:air":0,"morearmor:cobblestone_armor_boots":3,"morearmor:cobblestone_armor_chestplate":3,"minecraft:bow":1,"morearmor:cobblestone_armor_leggings":3,"minecraft:stick":108,"minecraft:stone_pickaxe":3,"spartanshields:wooden_basic_shield":3,"minecraft:dark_oak_planks":32},"minecraft:picked_up":{"minecraft:wooden_axe":1,"minecraft:crafting_table":2,"minecraft:feather":1,"minecraft:chicken":1,"minecraft:leather":12,"minecraft:stone_slab":1,"minecraft:gunpowder":3,"minecraft:string":6,"minecraft:dirt":10,"minecraft:raw_copper":2,"minecraft:zombie_head":2,"minecraft:bone":7,"minecraft:bow":1,"minecraft:wheat_seeds":3,"minecraft:iron_ingot":4,"minecraft:beef":26,"minecraft:cooked_chicken":1,"minecraft:sugar_cane":8,"minecraft:egg":2,"minecraft:stick":3,"minecraft:raw_iron":16,"minecraft:gravel":4,"minecraft:spruce_sapling":2,"tombstone:grave_dust":2,"minecraft:diorite":1,"minecraft:spruce_log":34,"minecraft:dark_oak_log":8,"minecraft:zombie_spawn_egg":1,"minecraft:arrow":5,"minecraft:rotten_flesh":9,"minecraft:emerald":8,"minecraft:skeleton_skull":2,"minecraft:mutton":13,"minecraft:coal":30,"minecraft:white_wool":9,"minecraft:cobblestone":221},"minecraft:killed":{"minecraft:spider":5,"minecraft:creeper":1,"minecraft:sheep":9,"minecraft:skeleton":5,"minecraft:zombie":8,"minecraft:chicken":1,"minecraft:cow":11},"minecraft:mined":{"minecraft:dark_oak_log":8,"minecraft:crafting_table":2,"minecraft:grass_block":4,"minecraft:stone_slab":1,"minecraft:copper_ore":1,"minecraft:tall_grass":11,"minecraft:spruce_leaves":8,"minecraft:sugar_cane":2,"minecraft:diorite":1,"minecraft:coarse_dirt":1,"minecraft:iron_ore":16,"minecraft:spruce_log":35,"minecraft:grass":3,"minecraft:coal_ore":26,"minecraft:dirt":4,"minecraft:stone":215,"minecraft:fern":1},"minecraft:used":{"minecraft:stone_pickaxe":210,"minecraft:wooden_pickaxe":52,"minecraft:cooked_chicken":1,"minecraft:dirt":1,"minecraft:crafting_table":3,"minecraft:wooden_axe":28,"spartanshields:stone_basic_shield":23,"minecraft:bread":3,"minecraft:stone_axe":47,"minecraft:bow":24,"minecraft:beef":9,"minecraft:cooked_porkchop":1,"tombstone:gift":1,"spartanweaponry:iron_scythe":26},"minecraft:killed_by":{"minecraft:player":1,"minecraft:skeleton":2,"minecraft:zombie":1},"minecraft:custom":{"minecraft:interact_with_furnace":4,"minecraft:mob_kills":41,"minecraft:traded_with_villager":7,"minecraft:interact_with_crafting_table":18,"minecraft:open_barrel":3,"minecraft:interact_with_campfire":1,"minecraft:leave_game":2,"minecraft:time_since_death":3133,"minecraft:sleep_in_bed":1,"minecraft:climb_one_cm":2351,"minecraft:time_since_rest":2186,"minecraft:waystone_activated":1,"minecraft:sprint_one_cm":251925,"minecraft:damage_taken":1624,"minecraft:walk_one_cm":175610,"minecraft:damage_blocked_by_shield":1027,"minecraft:drop":24,"minecraft:damage_dealt":4798,"minecraft:swim_one_cm":2890,"minecraft:talked_to_villager":1,"minecraft:fly_one_cm":666183,"minecraft:player_kills":1,"minecraft:open_chest":6,"minecraft:crouch_one_cm":3121,"minecraft:play_time":86533,"tombstone:undead_killed":13,"minecraft:deaths":8,"minecraft:sneak_time":1164,"minecraft:walk_under_water_one_cm":3344,"minecraft:jump":2388,"minecraft:walk_on_water_one_cm":7242,"minecraft:total_world_time":86533,"minecraft:fall_one_cm":53572},"minecraft:dropped":{"minecraft:snow_block":9,"minecraft:wheat_seeds":3,"minecraft:rotten_flesh":2,"minecraft:stone_slab":1,"minecraft:dirt":6,"minecraft:ice":19,"spartanweaponry:pole":1,"tombstone:grave_key":3,"tombstone:grave_dust":1,"minecraft:bow":1,"minecraft:wooden_pickaxe":3,"minecraft:spruce_sapling":1}},"DataVersion":3120}