{"stats":{"minecraft:crafted":{"minecraft:arrow":96,"minecraft:cooked_porkchop":4,"spartanweaponry:pole":1,"morearmor:cobblestone_armor_helmet":2,"minecraft:crafting_table":2,"minecraft:spruce_planks":136,"minecraft:wooden_pickaxe":3,"spartanshields:stone_basic_shield":3,"minecraft:stone_axe":2,"minecraft:air":0,"morearmor:cobblestone_armor_boots":2,"morearmor:cobblestone_armor_chestplate":2,"minecraft:bow":1,"morearmor:cobblestone_armor_leggings":2,"minecraft:stick":108,"minecraft:stone_pickaxe":3,"spartanshields:wooden_basic_shield":3,"minecraft:dark_oak_planks":32},"minecraft:picked_up":{"minecraft:wooden_axe":1,"minecraft:crafting_table":2,"minecraft:leather":11,"minecraft:stone_slab":1,"minecraft:string":2,"minecraft:dirt":10,"minecraft:raw_copper":2,"minecraft:bone":3,"minecraft:wheat_seeds":3,"minecraft:iron_ingot":4,"minecraft:beef":20,"minecraft:sugar_cane":8,"minecraft:egg":2,"minecraft:stick":3,"minecraft:raw_iron":15,"tombstone:grave_dust":1,"minecraft:diorite":1,"minecraft:spruce_log":24,"minecraft:dark_oak_log":8,"minecraft:arrow":2,"minecraft:rotten_flesh":3,"minecraft:emerald":8,"minecraft:mutton":13,"minecraft:coal":30,"minecraft:white_wool":9,"minecraft:cobblestone":220},"minecraft:killed":{"minecraft:sheep":9,"minecraft:skeleton":1,"minecraft:zombie":2,"minecraft:cow":9},"minecraft:mined":{"minecraft:dark_oak_log":8,"minecraft:crafting_table":2,"minecraft:grass_block":4,"minecraft:stone_slab":1,"minecraft:copper_ore":1,"minecraft:tall_grass":11,"minecraft:spruce_leaves":1,"minecraft:sugar_cane":2,"minecraft:diorite":1,"minecraft:coarse_dirt":1,"minecraft:iron_ore":15,"minecraft:spruce_log":24,"minecraft:grass":3,"minecraft:coal_ore":26,"minecraft:dirt":4,"minecraft:stone":213,"minecraft:fern":1},"minecraft:used":{"minecraft:stone_pickaxe":207,"minecraft:wooden_pickaxe":52,"minecraft:dirt":1,"minecraft:crafting_table":2,"minecraft:wooden_axe":28,"spartanshields:stone_basic_shield":9,"minecraft:bread":3,"minecraft:stone_axe":25,"minecraft:bow":1,"minecraft:beef":5,"minecraft:cooked_porkchop":1,"tombstone:gift":1},"minecraft:killed_by":{"minecraft:skeleton":1,"minecraft:zombie":1},"minecraft:custom":{"minecraft:interact_with_furnace":2,"minecraft:mob_kills":22,"minecraft:traded_with_villager":7,"minecraft:interact_with_crafting_table":15,"minecraft:open_barrel":3,"minecraft:leave_game":2,"minecraft:time_since_death":11328,"minecraft:sleep_in_bed":1,"minecraft:climb_one_cm":2351,"minecraft:time_since_rest":8320,"minecraft:waystone_activated":1,"minecraft:sprint_one_cm":220489,"minecraft:damage_taken":1301,"minecraft:walk_one_cm":122938,"minecraft:damage_blocked_by_shield":370,"minecraft:drop":21,"minecraft:damage_dealt":2433,"minecraft:swim_one_cm":2890,"minecraft:talked_to_villager":1,"minecraft:fly_one_cm":609895,"minecraft:player_kills":1,"minecraft:open_chest":4,"minecraft:crouch_one_cm":1607,"minecraft:play_time":74533,"tombstone:undead_killed":3,"minecraft:deaths":6,"minecraft:sneak_time":799,"minecraft:walk_under_water_one_cm":3344,"minecraft:jump":2174,"minecraft:walk_on_water_one_cm":4440,"minecraft:total_world_time":74533,"minecraft:fall_one_cm":47811},"minecraft:dropped":{"minecraft:snow_block":9,"minecraft:wheat_seeds":3,"minecraft:rotten_flesh":2,"minecraft:stone_slab":1,"minecraft:dirt":6,"minecraft:ice":19,"tombstone:grave_key":3,"tombstone:grave_dust":1,"minecraft:wooden_pickaxe":3}},"DataVersion":3120}