{"stats":{"minecraft:killed":{"minecraft:spider":5,"minecraft:creeper":2,"minecraft:skeleton":6,"minecraft:sheep":9,"minecraft:zombie":10,"minecraft:chicken":1,"minecraft:cow":11,"minecraft:enderman":2},"minecraft:mined":{"minecraft:dark_oak_log":8,"minecraft:crafting_table":2,"minecraft:grass_block":4,"minecraft:stone_slab":1,"minecraft:tall_grass":11,"minecraft:copper_ore":1,"minecraft:spruce_leaves":8,"minecraft:sugar_cane":2,"minecraft:diorite":1,"minecraft:coarse_dirt":1,"minecraft:iron_ore":49,"minecraft:spruce_log":35,"minecraft:grass":3,"minecraft:coal_ore":26,"minecraft:dirt":4,"minecraft:stone":216,"minecraft:fern":1},"minecraft:crafted":{"minecraft:arrow":96,"minecraft:cooked_porkchop":4,"spartanweaponry:iron_scythe":1,"spartanweaponry:pole":2,"morearmor:cobblestone_armor_helmet":3,"minecraft:crafting_table":2,"minecraft:spruce_planks":176,"minecraft:wooden_pickaxe":3,"spartanshields:stone_basic_shield":3,"minecraft:stone_axe":2,"minecraft:air":0,"morearmor:cobblestone_armor_boots":3,"morearmor:cobblestone_armor_chestplate":3,"minecraft:bow":1,"morearmor:cobblestone_armor_leggings":3,"minecraft:stick":108,"minecraft:stone_pickaxe":3,"spartanshields:wooden_basic_shield":3,"minecraft:dark_oak_planks":32},"minecraft:broken":{"spartanshields:stone_basic_shield":1},"minecraft:dropped":{"minecraft:snow_block":9,"minecraft:wheat_seeds":3,"spartanweaponry:iron_scythe":1,"minecraft:rotten_flesh":2,"minecraft:stone_slab":1,"minecraft:dirt":6,"minecraft:ice":19,"spartanweaponry:pole":1,"tombstone:grave_key":3,"tombstone:grave_dust":1,"minecraft:bow":1,"minecraft:wooden_pickaxe":3,"minecraft:spruce_sapling":1},"minecraft:killed_by":{"minecraft:player":1,"minecraft:skeleton":2,"minecraft:zombie":1,"minecraft:enderman":2},"minecraft:picked_up":{"minecraft:wooden_axe":1,"minecraft:crafting_table":2,"minecraft:feather":1,"minecraft:chicken":1,"minecraft:leather":12,"minecraft:stone_slab":1,"minecraft:gunpowder":5,"minecraft:dirt":10,"minecraft:string":6,"minecraft:raw_copper":2,"minecraft:bone":9,"minecraft:zombie_head":3,"minecraft:bow":1,"minecraft:wheat_seeds":3,"minecraft:iron_ingot":4,"minecraft:beef":26,"minecraft:cooked_chicken":1,"minecraft:sugar_cane":8,"minecraft:egg":2,"minecraft:stick":3,"minecraft:raw_iron":49,"spartanweaponry:iron_scythe":1,"minecraft:gravel":5,"minecraft:spruce_sapling":2,"tombstone:grave_dust":2,"minecraft:diorite":1,"minecraft:spruce_log":34,"minecraft:dark_oak_log":8,"minecraft:zombie_spawn_egg":1,"minecraft:arrow":5,"minecraft:rotten_flesh":11,"minecraft:emerald":8,"minecraft:mutton":13,"minecraft:skeleton_skull":2,"minecraft:coal":30,"minecraft:white_wool":9,"minecraft:cobblestone":222},"minecraft:custom":{"minecraft:interact_with_furnace":4,"minecraft:mob_kills":47,"minecraft:traded_with_villager":7,"minecraft:interact_with_crafting_table":18,"minecraft:open_barrel":3,"minecraft:interact_with_campfire":1,"minecraft:leave_game":3,"minecraft:time_since_death":15136,"minecraft:sleep_in_bed":1,"minecraft:climb_one_cm":3346,"minecraft:time_since_rest":13615,"minecraft:waystone_activated":1,"minecraft:sprint_one_cm":295573,"minecraft:damage_taken":1918,"minecraft:walk_one_cm":201787,"minecraft:damage_blocked_by_shield":2427,"minecraft:drop":25,"minecraft:damage_dealt":6353,"minecraft:swim_one_cm":2890,"minecraft:talked_to_villager":1,"minecraft:fly_one_cm":762750,"minecraft:player_kills":1,"minecraft:open_chest":6,"minecraft:crouch_one_cm":3415,"minecraft:play_time":104369,"tombstone:undead_killed":16,"minecraft:deaths":10,"minecraft:sneak_time":1395,"minecraft:walk_under_water_one_cm":3344,"minecraft:jump":2819,"minecraft:walk_on_water_one_cm":7413,"minecraft:total_world_time":104369,"minecraft:fall_one_cm":59962},"minecraft:used":{"minecraft:stone_pickaxe":244,"minecraft:wooden_pickaxe":52,"minecraft:cooked_chicken":1,"minecraft:dirt":1,"minecraft:crafting_table":3,"minecraft:wooden_axe":28,"spartanshields:stone_basic_shield":39,"minecraft:bread":3,"minecraft:stone_axe":47,"minecraft:cobblestone":10,"minecraft:bow":29,"minecraft:beef":9,"minecraft:cooked_porkchop":1,"tombstone:gift":2,"spartanweaponry:iron_scythe":46}},"DataVersion":3120}