{"stats":{"minecraft:mined":{"minecraft:spruce_log":18,"minecraft:dark_oak_log":8,"minecraft:grass":1,"minecraft:coal_ore":4,"minecraft:grass_block":3,"minecraft:dirt":2,"minecraft:stone_slab":1,"minecraft:stone":82,"minecraft:sugar_cane":2},"minecraft:killed":{"minecraft:zombie":1},"minecraft:custom":{"minecraft:time_since_rest":169,"minecraft:interact_with_furnace":2,"minecraft:sprint_one_cm":95790,"minecraft:damage_taken":671,"minecraft:walk_one_cm":50376,"minecraft:mob_kills":2,"minecraft:drop":8,"minecraft:damage_dealt":383,"minecraft:swim_one_cm":2078,"minecraft:interact_with_crafting_table":4,"minecraft:fly_one_cm":291189,"minecraft:player_kills":1,"minecraft:open_barrel":3,"minecraft:open_chest":2,"minecraft:crouch_one_cm":1024,"minecraft:play_time":34465,"tombstone:undead_killed":1,"minecraft:deaths":3,"minecraft:sneak_time":409,"minecraft:walk_under_water_one_cm":3167,"minecraft:jump":971,"minecraft:leave_game":2,"minecraft:walk_on_water_one_cm":1880,"minecraft:time_since_death":2568,"minecraft:total_world_time":34465,"minecraft:fall_one_cm":19055},"minecraft:killed_by":{"minecraft:zombie":1},"minecraft:picked_up":{"minecraft:wooden_axe":1,"minecraft:stone_slab":1,"minecraft:spruce_log":18,"minecraft:dark_oak_log":8,"minecraft:dirt":5,"minecraft:bone":2,"minecraft:rotten_flesh":2,"minecraft:sugar_cane":8,"minecraft:coal":4,"minecraft:cobblestone":87},"minecraft:crafted":{"morearmor:cobblestone_armor_boots":1,"morearmor:cobblestone_armor_chestplate":1,"minecraft:cooked_porkchop":4,"morearmor:cobblestone_armor_helmet":1,"morearmor:cobblestone_armor_leggings":1,"minecraft:spruce_planks":72,"minecraft:stick":64,"minecraft:wooden_pickaxe":1,"minecraft:stone_pickaxe":1,"spartanshields:wooden_basic_shield":1,"spartanshields:stone_basic_shield":1,"minecraft:dark_oak_planks":32,"minecraft:air":0},"minecraft:dropped":{"minecraft:snow_block":9,"minecraft:dirt":1,"minecraft:ice":19,"tombstone:grave_key":1,"tombstone:grave_dust":1,"minecraft:rotten_flesh":1,"minecraft:stone_slab":1,"minecraft:wooden_pickaxe":1},"minecraft:used":{"minecraft:wooden_axe":28,"minecraft:bread":1,"minecraft:stone_pickaxe":61,"minecraft:wooden_pickaxe":27,"minecraft:dirt":1,"minecraft:cooked_porkchop":1,"tombstone:gift":1}},"DataVersion":3120}