{"stats":{"minecraft:mined":{"minecraft:spruce_log":18,"minecraft:dark_oak_log":8,"minecraft:grass":1,"minecraft:grass_block":3,"minecraft:dirt":2,"minecraft:stone_slab":1,"minecraft:stone":24,"minecraft:sugar_cane":2},"minecraft:killed":{"minecraft:zombie":1},"minecraft:custom":{"minecraft:time_since_rest":10021,"minecraft:interact_with_furnace":1,"minecraft:sprint_one_cm":64870,"minecraft:damage_taken":588,"minecraft:walk_one_cm":38711,"minecraft:mob_kills":2,"minecraft:drop":7,"minecraft:damage_dealt":354,"minecraft:swim_one_cm":2078,"minecraft:interact_with_crafting_table":2,"minecraft:fly_one_cm":227110,"minecraft:player_kills":1,"minecraft:open_barrel":3,"minecraft:open_chest":2,"minecraft:crouch_one_cm":705,"minecraft:play_time":27252,"tombstone:undead_killed":1,"minecraft:deaths":2,"minecraft:sneak_time":264,"minecraft:walk_under_water_one_cm":3167,"minecraft:jump":743,"minecraft:leave_game":1,"minecraft:walk_on_water_one_cm":1479,"minecraft:time_since_death":11780,"minecraft:total_world_time":27252,"minecraft:fall_one_cm":14730},"minecraft:picked_up":{"minecraft:wooden_axe":1,"minecraft:stone_slab":1,"minecraft:spruce_log":18,"minecraft:dark_oak_log":8,"minecraft:dirt":5,"minecraft:bone":2,"minecraft:rotten_flesh":2,"minecraft:sugar_cane":8,"minecraft:cobblestone":22},"minecraft:crafted":{"minecraft:cooked_porkchop":4,"minecraft:spruce_planks":72,"minecraft:stick":64,"minecraft:wooden_pickaxe":1,"spartanshields:wooden_basic_shield":1,"spartanshields:stone_basic_shield":1,"minecraft:dark_oak_planks":32,"minecraft:air":0},"minecraft:dropped":{"minecraft:snow_block":9,"minecraft:dirt":1,"minecraft:ice":19,"tombstone:grave_key":1,"tombstone:grave_dust":1,"minecraft:rotten_flesh":1,"minecraft:stone_slab":1},"minecraft:used":{"minecraft:wooden_axe":28,"minecraft:bread":1,"minecraft:wooden_pickaxe":25,"minecraft:dirt":1,"tombstone:gift":1}},"DataVersion":3120}