{"stats":{"minecraft:mined":{"minecraft:sugar_cane":2},"minecraft:custom":{"minecraft:jump":238,"minecraft:open_chest":1,"minecraft:time_since_rest":7286,"minecraft:damage_dealt":33,"minecraft:crouch_one_cm":53,"minecraft:leave_game":1,"minecraft:sprint_one_cm":26211,"minecraft:play_time":7286,"minecraft:damage_taken":45,"minecraft:time_since_death":7286,"minecraft:walk_one_cm":3935,"minecraft:sneak_time":10,"minecraft:total_world_time":7286,"minecraft:mob_kills":1,"minecraft:fall_one_cm":4714,"minecraft:fly_one_cm":85009},"minecraft:picked_up":{"minecraft:bone":2,"minecraft:rotten_flesh":1,"minecraft:sugar_cane":8}},"DataVersion":3120}