{"stats":{"minecraft:mined":{"minecraft:grass":1,"minecraft:grass_block":2,"minecraft:dirt":2,"minecraft:sugar_cane":2},"minecraft:custom":{"minecraft:time_since_rest":2884,"minecraft:open_chest":1,"minecraft:crouch_one_cm":83,"minecraft:sprint_one_cm":39560,"minecraft:play_time":15252,"minecraft:deaths":1,"minecraft:damage_taken":468,"minecraft:walk_one_cm":18570,"minecraft:sneak_time":47,"minecraft:walk_under_water_one_cm":1623,"minecraft:mob_kills":1,"minecraft:drop":1,"minecraft:jump":480,"minecraft:damage_dealt":149,"minecraft:leave_game":1,"minecraft:time_since_death":5283,"minecraft:walk_on_water_one_cm":1455,"minecraft:total_world_time":15252,"minecraft:swim_one_cm":2078,"minecraft:player_kills":1,"minecraft:fall_one_cm":10850,"minecraft:fly_one_cm":139558},"minecraft:picked_up":{"minecraft:bone":2,"minecraft:rotten_flesh":1,"minecraft:sugar_cane":8,"minecraft:dirt":4},"minecraft:dropped":{"tombstone:grave_key":1},"minecraft:used":{"minecraft:dirt":1}},"DataVersion":3120}