{"stats":{"minecraft:crafted":{"morearmor:cobblestone_armor_boots":1,"minecraft:oak_boat":1,"minecraft:oak_planks":32,"morearmor:cobblestone_armor_chestplate":1,"morearmor:cobblestone_armor_helmet":1,"minecraft:crafting_table":1,"morearmor:cobblestone_armor_leggings":1,"minecraft:stick":8,"minecraft:wooden_pickaxe":1,"minecraft:stone_pickaxe":1,"minecraft:wooden_axe":1,"spartanshields:wooden_basic_shield":1},"minecraft:picked_up":{"minecraft:birch_log":8,"minecraft:crafting_table":2,"minecraft:sweet_berries":6,"minecraft:leather":1,"minecraft:stone_slab":1,"tombstone:grave_key":1,"minecraft:oak_log":8,"minecraft:spruce_log":4,"minecraft:beef":1,"minecraft:gray_wool":1,"minecraft:oak_sapling":1,"minecraft:birch_sapling":1,"minecraft:mutton":2,"minecraft:coal":2,"minecraft:white_wool":1,"minecraft:cobblestone":38},"minecraft:killed":{"minecraft:sheep":2,"minecraft:cow":1},"minecraft:mined":{"minecraft:birch_log":8,"minecraft:sweet_berry_bush":2,"minecraft:spruce_log":4,"minecraft:birch_leaves":15,"minecraft:crafting_table":2,"minecraft:coal_ore":2,"minecraft:oak_log":8,"minecraft:stone_slab":1,"minecraft:spruce_leaves":3,"minecraft:stone":40,"minecraft:oak_leaves":6},"minecraft:used":{"minecraft:wooden_axe":18,"minecraft:stone_pickaxe":31,"minecraft:wooden_pickaxe":12,"minecraft:crafting_table":3,"minecraft:sweet_berries":6,"minecraft:oak_boat":1},"minecraft:custom":{"minecraft:time_since_rest":4813,"minecraft:waystone_activated":1,"minecraft:sprint_one_cm":23475,"minecraft:damage_taken":30,"minecraft:walk_one_cm":41659,"minecraft:mob_kills":3,"minecraft:drop":1,"minecraft:damage_dealt":220,"minecraft:interact_with_crafting_table":7,"minecraft:fly_one_cm":52120,"minecraft:crouch_one_cm":1696,"minecraft:play_time":14044,"minecraft:sneak_time":909,"minecraft:boat_one_cm":5107,"minecraft:jump":332,"minecraft:leave_game":1,"minecraft:time_since_death":14044,"minecraft:sleep_in_bed":2,"minecraft:total_world_time":14044,"minecraft:climb_one_cm":596,"minecraft:fall_one_cm":4269},"minecraft:dropped":{"tombstone:grave_key":1}},"DataVersion":3120}