{"stats":{"minecraft:picked_up":{"minecraft:oak_log":8,"minecraft:gray_wool":1,"tombstone:grave_key":1,"minecraft:oak_sapling":1,"minecraft:mutton":2,"minecraft:white_wool":1},"minecraft:crafted":{"minecraft:oak_planks":32},"minecraft:killed":{"minecraft:sheep":2},"minecraft:mined":{"minecraft:oak_log":8,"minecraft:oak_leaves":6},"minecraft:custom":{"minecraft:time_since_rest":4821,"minecraft:crouch_one_cm":100,"minecraft:play_time":4821,"minecraft:sprint_one_cm":9908,"minecraft:walk_one_cm":8431,"minecraft:sneak_time":9,"minecraft:mob_kills":2,"minecraft:drop":1,"minecraft:jump":88,"minecraft:damage_dealt":120,"minecraft:leave_game":1,"minecraft:time_since_death":4821,"minecraft:total_world_time":4821,"minecraft:fall_one_cm":1463,"minecraft:fly_one_cm":18910},"minecraft:dropped":{"tombstone:grave_key":1}},"DataVersion":3120}