{"stats":{"minecraft:crafted":{"minecraft:oak_planks":76,"morearmor:cobblestone_armor_helmet":1,"minecraft:crafting_table":1,"minecraft:wooden_pickaxe":1,"minecraft:furnace":1,"spartanshields:stone_basic_shield":1,"minecraft:fletching_table":2,"minecraft:stone_axe":1,"minecraft:cooked_mutton":2,"minecraft:air":0,"minecraft:oak_boat":1,"morearmor:cobblestone_armor_boots":1,"morearmor:cobblestone_armor_chestplate":1,"morearmor:cobblestone_armor_leggings":1,"minecraft:stick":12,"minecraft:stone_pickaxe":1,"minecraft:wooden_axe":1,"minecraft:stone_sword":1,"spartanshields:wooden_basic_shield":1},"minecraft:picked_up":{"minecraft:birch_log":8,"minecraft:crafting_table":3,"minecraft:cooked_beef":4,"minecraft:leather":3,"minecraft:stone_slab":1,"minecraft:wooden_pickaxe":1,"minecraft:flint":4,"minecraft:oak_log":19,"tombstone:grave_key":1,"minecraft:wheat_seeds":2,"minecraft:beef":6,"minecraft:grindstone":1,"minecraft:fletching_table":3,"minecraft:birch_sapling":1,"minecraft:egg":1,"minecraft:stick":2,"minecraft:raw_iron":3,"minecraft:sweet_berries":6,"minecraft:gravel":72,"minecraft:spruce_log":44,"minecraft:gray_wool":1,"minecraft:oak_sapling":3,"minecraft:mutton":2,"minecraft:coal":13,"minecraft:white_wool":1,"minecraft:cobblestone":50},"minecraft:killed":{"minecraft:sheep":2,"minecraft:cow":3},"minecraft:mined":{"minecraft:crafting_table":3,"minecraft:stone_slab":1,"minecraft:tall_grass":9,"minecraft:spruce_leaves":4,"minecraft:grindstone":1,"minecraft:birch_log":8,"minecraft:iron_ore":3,"minecraft:sweet_berry_bush":2,"minecraft:spruce_log":45,"minecraft:birch_leaves":19,"minecraft:fletching_table":3,"minecraft:grass":2,"minecraft:oak_log":19,"minecraft:coal_ore":17,"minecraft:gravel":72,"minecraft:stone":54,"minecraft:oak_leaves":30},"minecraft:used":{"minecraft:cooked_mutton":1,"minecraft:stone_pickaxe":65,"minecraft:wooden_pickaxe":12,"minecraft:fletching_table":4,"minecraft:crafting_table":4,"minecraft:spruce_log":1,"minecraft:wooden_axe":20,"minecraft:gravel":44,"minecraft:stone_axe":70,"minecraft:sweet_berries":6,"minecraft:furnace":1,"minecraft:oak_boat":1},"minecraft:custom":{"minecraft:interact_with_furnace":2,"minecraft:mob_kills":5,"minecraft:interact_with_crafting_table":14,"minecraft:interact_with_campfire":4,"minecraft:leave_game":1,"minecraft:time_since_death":26044,"minecraft:sleep_in_bed":2,"minecraft:climb_one_cm":596,"minecraft:time_since_rest":16813,"minecraft:waystone_activated":1,"minecraft:sprint_one_cm":50228,"minecraft:damage_taken":40,"minecraft:walk_one_cm":79473,"minecraft:drop":1,"minecraft:damage_dealt":420,"minecraft:talked_to_villager":4,"minecraft:fly_one_cm":73050,"minecraft:crouch_one_cm":4684,"minecraft:play_time":26044,"minecraft:sneak_time":1988,"minecraft:boat_one_cm":5107,"minecraft:jump":545,"minecraft:total_world_time":26044,"minecraft:fall_one_cm":10094},"minecraft:dropped":{"tombstone:grave_key":1}},"DataVersion":3120}