{"stats":{"minecraft:picked_up":{"minecraft:birch_log":8,"minecraft:crafting_table":3,"minecraft:cooked_beef":4,"minecraft:leather":3,"minecraft:stone_slab":1,"minecraft:wooden_pickaxe":1,"minecraft:flint":4,"minecraft:oak_log":19,"tombstone:grave_key":1,"minecraft:string":2,"minecraft:wheat_seeds":2,"minecraft:beef":6,"minecraft:grindstone":1,"minecraft:fletching_table":3,"minecraft:birch_sapling":1,"minecraft:egg":2,"minecraft:stick":2,"minecraft:raw_iron":11,"minecraft:sweet_berries":6,"minecraft:gravel":72,"minecraft:spruce_sapling":3,"minecraft:spruce_log":68,"minecraft:dark_oak_log":19,"minecraft:gray_wool":1,"minecraft:oak_sapling":3,"minecraft:mutton":2,"minecraft:coal":13,"minecraft:white_wool":1,"minecraft:cobblestone":54},"minecraft:crafted":{"minecraft:cooked_beef":2,"minecraft:oak_planks":76,"minecraft:arrow":64,"minecraft:emerald":14,"morearmor:cobblestone_armor_helmet":1,"minecraft:crafting_table":1,"minecraft:spruce_planks":228,"minecraft:wooden_pickaxe":1,"minecraft:furnace":1,"spartanshields:stone_basic_shield":1,"minecraft:fletching_table":2,"minecraft:stone_axe":1,"minecraft:cooked_mutton":2,"minecraft:air":0,"simplyswords:iron_scythe":1,"minecraft:oak_boat":1,"morearmor:cobblestone_armor_boots":1,"morearmor:cobblestone_armor_chestplate":1,"minecraft:bow":1,"minecraft:shield":1,"morearmor:cobblestone_armor_leggings":1,"minecraft:stick":468,"minecraft:iron_ingot":8,"minecraft:stone_pickaxe":1,"minecraft:wooden_axe":1,"minecraft:stone_sword":1,"minecraft:chest":1,"spartanshields:wooden_basic_shield":1},"minecraft:killed":{"minecraft:spider":1,"minecraft:sheep":2,"minecraft:zombie":1,"minecraft:cow":3},"minecraft:mined":{"minecraft:dark_oak_log":19,"minecraft:crafting_table":3,"minecraft:stone_slab":1,"minecraft:tall_grass":9,"minecraft:spruce_leaves":4,"minecraft:grindstone":1,"minecraft:birch_log":8,"minecraft:iron_ore":11,"minecraft:sweet_berry_bush":2,"minecraft:spruce_log":68,"minecraft:birch_leaves":19,"minecraft:fletching_table":3,"minecraft:grass":2,"minecraft:oak_log":19,"minecraft:coal_ore":17,"minecraft:gravel":72,"minecraft:stone":58,"minecraft:oak_leaves":30},"minecraft:used":{"minecraft:cooked_mutton":2,"minecraft:stone_pickaxe":77,"minecraft:chest":1,"minecraft:wooden_pickaxe":12,"minecraft:fletching_table":4,"minecraft:crafting_table":4,"minecraft:spruce_log":11,"minecraft:wooden_axe":20,"minecraft:gravel":45,"minecraft:stone_axe":112,"minecraft:bow":13,"minecraft:sweet_berries":6,"minecraft:furnace":1,"minecraft:oak_boat":1},"minecraft:custom":{"minecraft:interact_with_furnace":9,"minecraft:mob_kills":7,"minecraft:traded_with_villager":19,"minecraft:interact_with_crafting_table":21,"minecraft:interact_with_campfire":4,"minecraft:leave_game":1,"minecraft:time_since_death":38044,"minecraft:sleep_in_bed":4,"minecraft:climb_one_cm":596,"minecraft:time_since_rest":8653,"minecraft:waystone_activated":1,"minecraft:sprint_one_cm":75244,"minecraft:damage_taken":50,"minecraft:walk_one_cm":106423,"minecraft:drop":5,"minecraft:damage_dealt":420,"minecraft:talked_to_villager":6,"minecraft:fly_one_cm":104397,"minecraft:open_chest":5,"minecraft:crouch_one_cm":7226,"minecraft:play_time":38044,"tombstone:undead_killed":1,"minecraft:sneak_time":3226,"minecraft:boat_one_cm":5107,"minecraft:jump":757,"minecraft:total_world_time":38044,"minecraft:fall_one_cm":14868},"minecraft:dropped":{"minecraft:iron_ingot":4,"minecraft:emerald":8,"tombstone:grave_key":1,"minecraft:string":2}},"DataVersion":3120}