{"stats":{"minecraft:crafted":{"minecraft:wooden_sword":4,"minecraft:crafting_table":1,"minecraft:stick":8,"minecraft:wooden_pickaxe":1,"minecraft:wooden_axe":1},"minecraft:picked_up":{"minecraft:crafting_table":1,"minecraft:sheep_spawn_egg":1,"minecraft:jungle_planks":6,"minecraft:crimson_planks":4,"tombstone:grave_dust":1,"minecraft:purple_terracotta":2,"minecraft:quartz_slab":2,"minecraft:wheat_seeds":1,"minecraft:spruce_planks":23,"minecraft:emerald":12,"minecraft:spruce_slab":1,"minecraft:sugar_cane":3,"minecraft:mutton":2,"minecraft:white_wool":1},"minecraft:broken":{"minecraft:wooden_sword":1},"minecraft:killed":{"minecraft:sheep":2,"minecraft:vindicator":29,"minecraft:phantom":4},"minecraft:mined":{"minecraft:large_fern":1,"minecraft:spruce_planks":23,"minecraft:jungle_slab":2,"minecraft:crafting_table":1,"minecraft:grass":3,"minecraft:purple_terracotta":2,"minecraft:jungle_planks":6,"minecraft:quartz_slab":1,"minecraft:crimson_planks":5,"minecraft:sugar_cane":1,"minecraft:spruce_slab":2},"minecraft:used":{"minecraft:wooden_axe":35,"minecraft:spruce_slab":1,"minecraft:spruce_planks":2,"minecraft:wooden_pickaxe":3,"minecraft:sheep_spawn_egg":1,"minecraft:crimson_planks":3,"minecraft:wooden_sword":159,"minecraft:crafting_table":2,"tombstone:gift":2},"minecraft:killed_by":{"minecraft:vindicator":2,"minecraft:player":1,"minecraft:skeleton":2,"minecraft:stray":1,"minecraft:enderman":1},"minecraft:custom":{"minecraft:time_since_rest":6646,"minecraft:sprint_one_cm":34371,"minecraft:damage_taken":1586,"minecraft:walk_one_cm":29986,"minecraft:mob_kills":36,"minecraft:drop":1,"tombstone:raider_killed":29,"minecraft:damage_dealt":6790,"minecraft:interact_with_crafting_table":7,"minecraft:swim_one_cm":20313,"minecraft:fly_one_cm":88244,"minecraft:player_kills":2,"minecraft:open_barrel":4,"minecraft:crouch_one_cm":5172,"minecraft:play_time":27491,"minecraft:deaths":7,"minecraft:sneak_time":3836,"minecraft:walk_under_water_one_cm":1410,"minecraft:jump":525,"minecraft:leave_game":1,"minecraft:time_since_death":7217,"minecraft:walk_on_water_one_cm":5988,"minecraft:total_world_time":27491,"minecraft:inspect_dispenser":1,"minecraft:fall_one_cm":3897},"minecraft:dropped":{"tombstone:grave_key":1}},"DataVersion":3120}