{"stats":{"minecraft:crafted":{"minecraft:wooden_sword":4,"minecraft:diamond_sword":1,"morearmor:emerald_armor_helmet":1,"minecraft:crafting_table":2,"morearmor:emerald_armor_leggings":1,"minecraft:stick":12,"minecraft:wooden_pickaxe":1,"minecraft:wooden_axe":1,"morearmor:emerald_armor_chestplate":1,"morearmor:emerald_armor_boots":1},"minecraft:picked_up":{"minecraft:crafting_table":3,"minecraft:sheep_spawn_egg":1,"minecraft:jungle_planks":8,"minecraft:crimson_planks":6,"tombstone:grave_dust":1,"minecraft:rotten_flesh":1,"minecraft:purple_terracotta":4,"minecraft:quartz_slab":2,"minecraft:wheat_seeds":1,"minecraft:spruce_planks":27,"minecraft:emerald":20,"minecraft:spruce_slab":5,"minecraft:sugar_cane":3,"minecraft:mutton":2,"minecraft:white_wool":1},"minecraft:broken":{"minecraft:wooden_axe":1,"minecraft:wooden_sword":1},"minecraft:killed":{"minecraft:sheep":2,"minecraft:drowned":1,"minecraft:vindicator":51,"minecraft:phantom":8},"minecraft:mined":{"minecraft:large_fern":1,"minecraft:spruce_planks":27,"minecraft:jungle_slab":2,"minecraft:crafting_table":3,"minecraft:grass":3,"minecraft:purple_terracotta":4,"minecraft:jungle_planks":8,"minecraft:quartz_slab":1,"minecraft:crimson_planks":7,"minecraft:sugar_cane":1,"minecraft:spruce_slab":5},"minecraft:used":{"minecraft:wooden_axe":49,"morearmor:emerald_armor_chestplate":1,"minecraft:spruce_slab":3,"minecraft:iron_helmet":1,"minecraft:spruce_planks":4,"minecraft:wooden_pickaxe":5,"minecraft:sheep_spawn_egg":1,"minecraft:crimson_planks":3,"minecraft:diamond_sword":95,"minecraft:wooden_sword":159,"minecraft:crafting_table":5,"morearmor:emerald_armor_boots":1,"tombstone:gift":4,"minecraft:purple_terracotta":3,"minecraft:iron_leggings":1},"minecraft:killed_by":{"minecraft:vindicator":3,"minecraft:player":1,"minecraft:skeleton":2,"minecraft:stray":1,"minecraft:enderman":1},"minecraft:custom":{"minecraft:time_since_rest":10642,"minecraft:sprint_one_cm":35846,"minecraft:damage_taken":1662,"minecraft:walk_one_cm":40935,"minecraft:mob_kills":63,"minecraft:drop":5,"tombstone:raider_killed":51,"minecraft:damage_dealt":12534,"minecraft:interact_with_crafting_table":15,"minecraft:swim_one_cm":31594,"minecraft:fly_one_cm":91574,"minecraft:player_kills":2,"minecraft:open_barrel":4,"minecraft:open_chest":2,"minecraft:crouch_one_cm":6256,"minecraft:play_time":39491,"tombstone:undead_killed":1,"minecraft:deaths":8,"minecraft:sneak_time":4415,"minecraft:walk_under_water_one_cm":3023,"minecraft:jump":557,"minecraft:leave_game":1,"minecraft:time_since_death":11221,"minecraft:walk_on_water_one_cm":9133,"minecraft:total_world_time":39491,"minecraft:inspect_dispenser":1,"minecraft:fall_one_cm":3897},"minecraft:dropped":{"minecraft:jungle_slab":1,"tombstone:grave_key":1,"minecraft:wooden_sword":3}},"DataVersion":3120}