{"stats":{"minecraft:killed":{"minecraft:sheep":2},"minecraft:mined":{"minecraft:large_fern":1,"minecraft:grass":3,"minecraft:spruce_planks":8,"minecraft:sugar_cane":1,"minecraft:spruce_slab":1},"minecraft:custom":{"minecraft:open_barrel":3,"minecraft:time_since_rest":2252,"minecraft:crouch_one_cm":913,"minecraft:play_time":15067,"minecraft:sprint_one_cm":31041,"minecraft:walk_one_cm":22396,"minecraft:damage_taken":938,"minecraft:deaths":5,"minecraft:sneak_time":698,"minecraft:walk_under_water_one_cm":784,"minecraft:mob_kills":2,"minecraft:drop":1,"minecraft:jump":421,"minecraft:damage_dealt":439,"minecraft:time_since_death":3658,"minecraft:walk_on_water_one_cm":4635,"minecraft:total_world_time":15067,"minecraft:swim_one_cm":8282,"minecraft:fall_one_cm":3897,"minecraft:fly_one_cm":83887,"minecraft:player_kills":2},"minecraft:killed_by":{"minecraft:skeleton":2,"minecraft:stray":1,"minecraft:player":1,"minecraft:enderman":1},"minecraft:picked_up":{"minecraft:sheep_spawn_egg":1,"minecraft:wheat_seeds":1,"minecraft:spruce_planks":8,"tombstone:grave_dust":1,"minecraft:spruce_slab":1,"minecraft:sugar_cane":3,"minecraft:mutton":2,"minecraft:white_wool":1},"minecraft:dropped":{"tombstone:grave_key":1},"minecraft:used":{"minecraft:spruce_slab":1,"tombstone:gift":2,"minecraft:spruce_planks":2,"minecraft:sheep_spawn_egg":1}},"DataVersion":3120}