{"stats":{"minecraft:mined":{"minecraft:grass":1},"minecraft:custom":{"minecraft:jump":71,"minecraft:time_since_rest":119,"minecraft:deaths":1,"minecraft:damage_dealt":0,"minecraft:walk_on_water_one_cm":1023,"minecraft:sprint_one_cm":4540,"minecraft:play_time":3067,"minecraft:damage_taken":148,"minecraft:time_since_death":462,"minecraft:walk_one_cm":4310,"minecraft:total_world_time":3067,"minecraft:walk_under_water_one_cm":165,"minecraft:fall_one_cm":894,"minecraft:fly_one_cm":5643},"minecraft:killed_by":{"minecraft:player":1}},"DataVersion":3120}