{"stats":{"minecraft:crafted":{"morearmor:cobblestone_armor_helmet":1,"minecraft:crafting_table":1,"minecraft:spruce_planks":68,"minecraft:spruce_button":1,"minecraft:wooden_pickaxe":1,"minecraft:cooked_chicken":4,"minecraft:furnace":1,"spartanshields:stone_basic_shield":1,"minecraft:stone_axe":1,"minecraft:air":0,"morearmor:cobblestone_armor_boots":1,"morearmor:cobblestone_armor_leggings":1,"minecraft:stick":16,"minecraft:iron_ingot":9,"minecraft:iron_pickaxe":1,"minecraft:stone_pickaxe":1,"spartanshields:wooden_basic_shield":1,"minecraft:torch":20},"minecraft:picked_up":{"minecraft:crafting_table":3,"minecraft:andesite":10,"minecraft:golden_boots":1,"minecraft:dirt":1,"minecraft:bone":2,"minecraft:stone_pickaxe":1,"minecraft:sugar_cane":4,"minecraft:furnace":1,"minecraft:raw_iron":27,"minecraft:dripstone_block":1,"minecraft:gravel":2,"minecraft:porkchop":5,"minecraft:diorite":2,"minecraft:spruce_log":17,"minecraft:cyan_bed":1,"minecraft:zombie_spawn_egg":2,"minecraft:rotten_flesh":8,"minecraft:coal":57,"minecraft:cobblestone":55},"minecraft:killed":{"minecraft:pig":2,"creeperoverhaul:dripstone_creeper":1,"minecraft:skeleton":1,"minecraft:zombie":8,"minecraft:villager":1},"minecraft:broken":{"minecraft:stone_pickaxe":1},"minecraft:mined":{"minecraft:crafting_table":3,"minecraft:grass_block":2,"minecraft:cyan_bed":1,"minecraft:sugar_cane":2,"minecraft:diorite":2,"minecraft:furnace":1,"minecraft:iron_ore":27,"minecraft:spruce_log":17,"minecraft:andesite":10,"minecraft:grass":9,"minecraft:coal_ore":53,"minecraft:dripstone_block":1,"minecraft:packed_ice":4,"minecraft:stone":56,"minecraft:oak_leaves":3},"minecraft:used":{"minecraft:golden_boots":1,"minecraft:stone_pickaxe":131,"minecraft:leather_chestplate":1,"minecraft:spruce_planks":13,"minecraft:wooden_pickaxe":19,"minecraft:cooked_chicken":3,"minecraft:torch":2,"minecraft:dirt":1,"minecraft:crafting_table":4,"minecraft:wooden_axe":5,"spartanshields:stone_basic_shield":12,"minecraft:stone_axe":39,"minecraft:cobblestone":4,"minecraft:furnace":2,"minecraft:bucket":1,"tombstone:gift":2,"minecraft:powder_snow_bucket":2},"minecraft:killed_by":{"minecraft:player":2,"minecraft:zombie":1},"minecraft:custom":{"minecraft:interact_with_furnace":11,"minecraft:mob_kills":13,"minecraft:interact_with_crafting_table":9,"minecraft:open_barrel":7,"minecraft:leave_game":4,"minecraft:time_since_death":18775,"minecraft:sleep_in_bed":1,"minecraft:climb_one_cm":206,"minecraft:time_since_rest":17481,"minecraft:sprint_one_cm":84255,"minecraft:damage_taken":439,"minecraft:walk_one_cm":77134,"minecraft:damage_blocked_by_shield":518,"minecraft:drop":12,"minecraft:damage_dealt":2543,"minecraft:fly_one_cm":198865,"minecraft:open_chest":1,"minecraft:crouch_one_cm":3957,"minecraft:play_time":40588,"tombstone:undead_killed":9,"minecraft:deaths":3,"minecraft:sneak_time":1563,"minecraft:walk_under_water_one_cm":680,"tombstone:villager_killed":1,"minecraft:jump":852,"minecraft:walk_on_water_one_cm":588,"minecraft:total_world_time":40588,"minecraft:fall_one_cm":15534},"minecraft:dropped":{"minecraft:gravel":2,"minecraft:stone_axe":1,"minecraft:dripstone_block":1,"minecraft:cobblestone":4,"minecraft:rotten_flesh":6,"minecraft:spruce_button":1,"minecraft:diorite":2,"minecraft:wooden_axe":2,"minecraft:stone_pickaxe":1,"minecraft:wooden_pickaxe":1}},"DataVersion":3120}