{"stats":{"minecraft:custom":{"minecraft:open_chest":1,"minecraft:time_since_rest":44,"minecraft:crouch_one_cm":61,"minecraft:sprint_one_cm":29262,"minecraft:play_time":13982,"minecraft:damage_taken":1136,"minecraft:deaths":4,"minecraft:walk_one_cm":11590,"minecraft:sneak_time":16,"minecraft:drop":1,"minecraft:jump":420,"minecraft:damage_dealt":190,"minecraft:leave_game":2,"minecraft:time_since_death":0,"minecraft:total_world_time":13982,"minecraft:talked_to_villager":7,"minecraft:fall_one_cm":12304,"minecraft:fly_one_cm":130042},"minecraft:dropped":{"minecraft:sugar_cane":1},"minecraft:mined":{"minecraft:grass":6,"minecraft:grass_block":3,"minecraft:ice":1},"minecraft:killed_by":{"minecraft:iron_golem":2,"minecraft:spider":1,"minecraft:zombie":1},"minecraft:picked_up":{"minecraft:rotten_flesh":2,"minecraft:sugar_cane":1,"minecraft:dirt":3},"minecraft:used":{"minecraft:dirt":3}},"DataVersion":3120}