{"stats":{"minecraft:mined":{"minecraft:grass":7,"minecraft:grass_block":1,"minecraft:oak_leaves":3},"minecraft:custom":{"minecraft:jump":17,"minecraft:time_since_rest":7051,"minecraft:damage_taken":40,"minecraft:leave_game":2,"minecraft:play_time":7051,"minecraft:sprint_one_cm":7386,"minecraft:time_since_death":7051,"minecraft:walk_on_water_one_cm":207,"minecraft:walk_one_cm":9488,"minecraft:total_world_time":7051,"minecraft:fall_one_cm":418,"minecraft:fly_one_cm":2268},"minecraft:picked_up":{"minecraft:dirt":1},"minecraft:used":{"minecraft:dirt":1}},"DataVersion":3120}