{"stats":{"minecraft:used":{"minecraft:white_wool":4,"minecraft:dirt":3,"minecraft:birch_planks":1,"minecraft:experience_bottle":1,"minecraft:gravel":1},"minecraft:mined":{"minecraft:dark_oak_fence":1,"minecraft:grass":6,"minecraft:birch_planks":1,"minecraft:grass_block":3,"minecraft:gravel":2,"minecraft:ice":3,"minecraft:sugar_cane":2},"minecraft:dropped":{"minecraft:sugar_cane":1},"minecraft:custom":{"minecraft:open_chest":4,"minecraft:time_since_rest":896,"minecraft:play_time":24641,"minecraft:crouch_one_cm":418,"minecraft:sprint_one_cm":62557,"minecraft:damage_taken":1930,"minecraft:walk_one_cm":32571,"minecraft:deaths":7,"minecraft:sneak_time":214,"minecraft:walk_under_water_one_cm":3003,"minecraft:drop":1,"minecraft:jump":829,"minecraft:damage_dealt":277,"minecraft:leave_game":5,"minecraft:time_since_death":872,"minecraft:walk_on_water_one_cm":619,"minecraft:total_world_time":24641,"minecraft:swim_one_cm":340,"minecraft:fly_one_cm":266411,"minecraft:fall_one_cm":25289,"minecraft:talked_to_villager":7},"minecraft:picked_up":{"minecraft:rotten_flesh":2,"minecraft:music_disc_ward":1,"minecraft:birch_planks":1,"minecraft:gravel":2,"minecraft:sugar_cane":4,"minecraft:music_disc_cat":1,"minecraft:dirt":3,"minecraft:white_wool":4},"minecraft:killed_by":{"minecraft:iron_golem":2,"minecraft:spider":1,"minecraft:zombie":2,"minecraft:pillager":1}},"DataVersion":3120}