{"stats":{"minecraft:used":{"minecraft:white_wool":4,"minecraft:dirt":3,"minecraft:birch_planks":1,"minecraft:gravel":1,"minecraft:experience_bottle":1},"minecraft:mined":{"minecraft:dark_oak_fence":1,"minecraft:birch_planks":1,"minecraft:grass":6,"minecraft:grass_block":3,"minecraft:gravel":2,"minecraft:ice":3,"minecraft:sugar_cane":2},"minecraft:dropped":{"minecraft:sugar_cane":1},"minecraft:custom":{"minecraft:time_since_rest":110,"minecraft:open_chest":4,"minecraft:crouch_one_cm":411,"minecraft:sprint_one_cm":62201,"minecraft:play_time":23855,"minecraft:damage_taken":1930,"minecraft:deaths":7,"minecraft:walk_one_cm":32355,"minecraft:sneak_time":211,"minecraft:walk_under_water_one_cm":3003,"minecraft:drop":1,"minecraft:jump":821,"minecraft:damage_dealt":277,"minecraft:leave_game":4,"minecraft:walk_on_water_one_cm":619,"minecraft:time_since_death":86,"minecraft:total_world_time":23855,"minecraft:swim_one_cm":340,"minecraft:talked_to_villager":7,"minecraft:fall_one_cm":25289,"minecraft:fly_one_cm":262925},"minecraft:picked_up":{"minecraft:rotten_flesh":2,"minecraft:music_disc_ward":1,"minecraft:gravel":2,"minecraft:birch_planks":1,"minecraft:sugar_cane":4,"minecraft:music_disc_cat":1,"minecraft:white_wool":4,"minecraft:dirt":3},"minecraft:killed_by":{"minecraft:iron_golem":2,"minecraft:spider":1,"minecraft:zombie":2,"minecraft:pillager":1}},"DataVersion":3120}