{"stats":{"minecraft:crafted":{"spartanweaponry:iron_scythe":1,"spartanweaponry:pole":1,"morearmor:cobblestone_armor_helmet":1,"minecraft:crafting_table":1,"minecraft:spruce_planks":68,"minecraft:iron_helmet":1,"minecraft:spruce_button":1,"minecraft:wooden_pickaxe":1,"minecraft:cooked_chicken":4,"minecraft:furnace":2,"spartanshields:stone_basic_shield":1,"minecraft:stone_axe":1,"minecraft:air":0,"morearmor:cobblestone_armor_boots":1,"minecraft:iron_boots":1,"minecraft:iron_chestplate":1,"minecraft:iron_axe":1,"morearmor:cobblestone_armor_leggings":1,"minecraft:stick":20,"minecraft:iron_ingot":79,"minecraft:iron_pickaxe":1,"minecraft:stone_pickaxe":1,"minecraft:iron_leggings":1,"spartanshields:wooden_basic_shield":1,"minecraft:torch":20},"minecraft:picked_up":{"minecraft:crafting_table":4,"minecraft:leather_chestplate":1,"minecraft:andesite":18,"health_crystal:health_crystal_shard":2,"minecraft:gunpowder":1,"minecraft:golden_boots":2,"minecraft:lapis_lazuli":14,"minecraft:string":11,"minecraft:dirt":9,"minecraft:bone":9,"minecraft:wheat_seeds":2,"minecraft:raw_gold":12,"minecraft:stone_pickaxe":1,"minecraft:sugar_cane":4,"minecraft:egg":1,"minecraft:furnace":2,"minecraft:stone":2,"minecraft:raw_iron":115,"morearmor:cobblestone_armor_leggings":1,"minecraft:torch":113,"minecraft:dripstone_block":2,"minecraft:gravel":2,"minecraft:porkchop":5,"tombstone:grave_dust":6,"minecraft:diorite":3,"spartanweaponry:spider_head":1,"minecraft:spruce_log":17,"minecraft:cyan_bed":1,"morearmor:cobblestone_armor_boots":1,"morearmor:cobblestone_armor_helmet":1,"minecraft:spider_eye":2,"spartanweaponry:iron_battle_hammer":1,"minecraft:zombie_spawn_egg":3,"minecraft:arrow":5,"minecraft:purple_bed":2,"minecraft:rotten_flesh":20,"tombstone:magic_scroll":1,"minecraft:skeleton_skull":1,"minecraft:coal":101,"minecraft:cobblestone":77},"minecraft:killed":{"minecraft:pig":2,"minecraft:spider":8,"minecraft:creeper":4,"creeperoverhaul:dripstone_creeper":1,"minecraft:phantom":2,"minecraft:skeleton":7,"minecraft:zombie":19,"creeperoverhaul:cave_creeper":3,"minecraft:villager":1},"minecraft:broken":{"minecraft:stone_pickaxe":1,"spartanweaponry:iron_battle_hammer":1},"minecraft:mined":{"minecraft:crafting_table":4,"minecraft:torch":2,"minecraft:grass_block":7,"minecraft:tall_grass":3,"minecraft:lapis_ore":2,"minecraft:cyan_bed":1,"minecraft:sugar_cane":2,"minecraft:diorite":3,"minecraft:wall_torch":111,"minecraft:purple_bed":2,"minecraft:furnace":2,"minecraft:iron_ore":115,"minecraft:ice":1,"minecraft:spruce_log":17,"minecraft:andesite":18,"health_crystal:health_crystal_ore":1,"minecraft:grass":11,"minecraft:coal_ore":56,"minecraft:dirt":1,"minecraft:dripstone_block":2,"minecraft:packed_ice":4,"minecraft:stone":79,"minecraft:gold_ore":12,"minecraft:oak_leaves":3},"minecraft:used":{"minecraft:golden_boots":1,"minecraft:water_bucket":1,"minecraft:diorite":1,"minecraft:snow_block":6,"minecraft:stone_pickaxe":131,"minecraft:leather_chestplate":1,"minecraft:spruce_planks":13,"minecraft:wooden_pickaxe":19,"minecraft:zombie_spawn_egg":1,"minecraft:cooked_chicken":4,"minecraft:torch":120,"minecraft:dirt":5,"minecraft:crafting_table":5,"spartanweaponry:spider_head":1,"minecraft:wooden_axe":5,"minecraft:iron_axe":16,"spartanshields:stone_basic_shield":34,"minecraft:iron_pickaxe":140,"minecraft:stone_axe":39,"minecraft:cobblestone":31,"minecraft:purple_bed":2,"minecraft:cooked_porkchop":2,"minecraft:furnace":4,"spartanweaponry:iron_battle_hammer":56,"minecraft:andesite":13,"minecraft:bucket":3,"tombstone:gift":4,"minecraft:egg":1,"minecraft:powder_snow_bucket":2,"spartanweaponry:iron_scythe":10},"minecraft:killed_by":{"minecraft:player":2,"minecraft:skeleton":2,"minecraft:zombie":2},"minecraft:custom":{"minecraft:interact_with_furnace":35,"minecraft:mob_kills":48,"minecraft:interact_with_crafting_table":19,"minecraft:open_barrel":7,"minecraft:leave_game":4,"minecraft:time_since_death":11300,"minecraft:sleep_in_bed":4,"minecraft:climb_one_cm":218,"minecraft:time_since_rest":10543,"minecraft:waystone_activated":1,"minecraft:sprint_one_cm":202761,"minecraft:damage_taken":979,"minecraft:walk_one_cm":128781,"minecraft:damage_blocked_by_shield":1397,"minecraft:drop":34,"minecraft:damage_dealt":9091,"minecraft:swim_one_cm":2218,"minecraft:fly_one_cm":419618,"minecraft:open_chest":2,"minecraft:crouch_one_cm":6945,"minecraft:play_time":76588,"tombstone:undead_killed":26,"minecraft:deaths":6,"minecraft:sneak_time":3123,"minecraft:walk_under_water_one_cm":3836,"tombstone:villager_killed":1,"minecraft:jump":1767,"minecraft:walk_on_water_one_cm":5532,"minecraft:total_world_time":76588,"minecraft:fall_one_cm":32805},"minecraft:dropped":{"minecraft:gravel":2,"minecraft:golden_boots":2,"morearmor:cobblestone_armor_helmet":2,"minecraft:stone_axe":1,"minecraft:wheat_seeds":2,"minecraft:dripstone_block":2,"minecraft:pointed_dripstone":2,"minecraft:cobblestone":4,"minecraft:rotten_flesh":6,"morearmor:cobblestone_armor_leggings":2,"minecraft:spruce_button":1,"minecraft:leather_chestplate":2,"minecraft:dirt":2,"minecraft:potato":1,"minecraft:stone":2,"minecraft:diorite":2,"minecraft:andesite":5,"tombstone:grave_key":1,"minecraft:wooden_axe":2,"morearmor:cobblestone_armor_boots":2,"minecraft:spider_eye":2,"minecraft:stone_pickaxe":1,"minecraft:wooden_pickaxe":1}},"DataVersion":3120}