{"stats":{"minecraft:mined":{"minecraft:furnace":1,"minecraft:iron_ore":2,"minecraft:spruce_log":17,"minecraft:crafting_table":2,"minecraft:grass":8,"minecraft:grass_block":2,"minecraft:coal_ore":39,"minecraft:packed_ice":4,"minecraft:cyan_bed":1,"minecraft:stone":56,"minecraft:sugar_cane":2,"minecraft:oak_leaves":3},"minecraft:killed":{"minecraft:skeleton":1,"minecraft:zombie":3,"minecraft:pig":2,"minecraft:villager":1},"minecraft:custom":{"minecraft:time_since_rest":1,"minecraft:interact_with_furnace":6,"minecraft:sprint_one_cm":40362,"minecraft:damage_taken":382,"minecraft:walk_one_cm":33366,"minecraft:damage_blocked_by_shield":200,"minecraft:mob_kills":7,"minecraft:drop":5,"minecraft:damage_dealt":1220,"minecraft:interact_with_crafting_table":5,"minecraft:fly_one_cm":107136,"minecraft:open_barrel":7,"minecraft:open_chest":1,"tombstone:undead_killed":4,"minecraft:crouch_one_cm":387,"minecraft:play_time":22541,"minecraft:deaths":3,"minecraft:sneak_time":233,"tombstone:villager_killed":1,"minecraft:jump":374,"minecraft:leave_game":3,"minecraft:time_since_death":728,"minecraft:walk_on_water_one_cm":207,"minecraft:sleep_in_bed":1,"minecraft:climb_one_cm":206,"minecraft:total_world_time":22541,"minecraft:fall_one_cm":4798},"minecraft:killed_by":{"minecraft:player":2,"minecraft:zombie":1},"minecraft:picked_up":{"minecraft:crafting_table":2,"minecraft:raw_iron":2,"minecraft:porkchop":5,"minecraft:spruce_log":17,"minecraft:cyan_bed":1,"minecraft:dirt":1,"minecraft:bone":2,"minecraft:rotten_flesh":4,"minecraft:sugar_cane":4,"minecraft:coal":43,"minecraft:cobblestone":55,"minecraft:furnace":1},"minecraft:crafted":{"morearmor:cobblestone_armor_boots":1,"morearmor:cobblestone_armor_leggings":1,"morearmor:cobblestone_armor_helmet":1,"minecraft:crafting_table":1,"minecraft:spruce_planks":68,"minecraft:stick":8,"minecraft:iron_ingot":2,"minecraft:spruce_button":1,"minecraft:cooked_chicken":4,"minecraft:wooden_pickaxe":1,"minecraft:stone_pickaxe":1,"spartanshields:wooden_basic_shield":1,"minecraft:furnace":1,"spartanshields:stone_basic_shield":1,"minecraft:torch":4,"minecraft:stone_axe":1,"minecraft:air":0},"minecraft:dropped":{"minecraft:wooden_axe":2,"minecraft:cobblestone":4,"minecraft:spruce_button":1,"minecraft:wooden_pickaxe":1},"minecraft:used":{"minecraft:wooden_axe":5,"spartanshields:stone_basic_shield":5,"minecraft:stone_pickaxe":79,"minecraft:spruce_planks":3,"minecraft:leather_chestplate":1,"minecraft:wooden_pickaxe":19,"minecraft:torch":1,"minecraft:cooked_chicken":1,"minecraft:stone_axe":27,"minecraft:dirt":1,"minecraft:cobblestone":4,"minecraft:crafting_table":2,"minecraft:furnace":1,"tombstone:gift":2}},"DataVersion":3120}