{"stats":{"minecraft:killed_by":{"minecraft:iron_golem":1,"minecraft:spider":1,"minecraft:zombie":1},"minecraft:used":{"minecraft:dirt":2},"minecraft:mined":{"minecraft:grass":2,"minecraft:grass_block":2,"minecraft:ice":1},"minecraft:dropped":{"minecraft:sugar_cane":1},"minecraft:picked_up":{"minecraft:rotten_flesh":2,"minecraft:sugar_cane":1,"minecraft:dirt":2},"minecraft:custom":{"minecraft:time_since_rest":114,"minecraft:play_time":10053,"minecraft:crouch_one_cm":61,"minecraft:sprint_one_cm":15413,"minecraft:walk_one_cm":7178,"minecraft:damage_taken":838,"minecraft:deaths":3,"minecraft:sneak_time":16,"minecraft:drop":1,"minecraft:jump":256,"minecraft:damage_dealt":180,"minecraft:leave_game":1,"minecraft:time_since_death":0,"minecraft:total_world_time":10053,"minecraft:fall_one_cm":5627,"minecraft:fly_one_cm":82488}},"DataVersion":3120}