{"stats":{"minecraft:mined":{"minecraft:grass":7,"minecraft:grass_block":1,"minecraft:oak_leaves":3},"minecraft:custom":{"minecraft:jump":15,"minecraft:time_since_rest":5916,"minecraft:leave_game":1,"minecraft:sprint_one_cm":7314,"minecraft:play_time":5916,"minecraft:walk_on_water_one_cm":207,"minecraft:time_since_death":5916,"minecraft:walk_one_cm":9293,"minecraft:total_world_time":5916,"minecraft:fall_one_cm":209,"minecraft:fly_one_cm":1625},"minecraft:picked_up":{"minecraft:dirt":1},"minecraft:used":{"minecraft:dirt":1}},"DataVersion":3120}