{"stats":{"minecraft:crafted":{"morearmor:cobblestone_armor_helmet":1,"minecraft:crafting_table":1,"minecraft:spruce_planks":68,"minecraft:spruce_button":1,"minecraft:wooden_pickaxe":1,"minecraft:cooked_chicken":4,"minecraft:furnace":1,"spartanshields:stone_basic_shield":1,"minecraft:stone_axe":1,"minecraft:air":0,"morearmor:cobblestone_armor_boots":1,"minecraft:iron_axe":1,"morearmor:cobblestone_armor_leggings":1,"minecraft:stick":16,"minecraft:iron_ingot":15,"minecraft:iron_pickaxe":1,"minecraft:stone_pickaxe":1,"spartanshields:wooden_basic_shield":1,"minecraft:torch":20},"minecraft:picked_up":{"minecraft:crafting_table":3,"minecraft:andesite":15,"minecraft:golden_boots":1,"minecraft:dirt":1,"minecraft:bone":2,"minecraft:stone_pickaxe":1,"minecraft:sugar_cane":4,"minecraft:furnace":1,"minecraft:raw_iron":38,"minecraft:torch":113,"minecraft:dripstone_block":1,"minecraft:gravel":2,"minecraft:porkchop":5,"tombstone:grave_dust":2,"minecraft:diorite":2,"minecraft:spruce_log":17,"minecraft:cyan_bed":1,"spartanweaponry:iron_battle_hammer":1,"minecraft:zombie_spawn_egg":2,"minecraft:rotten_flesh":12,"minecraft:coal":57,"minecraft:cobblestone":59},"minecraft:killed":{"minecraft:pig":2,"creeperoverhaul:dripstone_creeper":1,"minecraft:phantom":1,"minecraft:skeleton":1,"minecraft:zombie":12,"minecraft:villager":1},"minecraft:broken":{"minecraft:stone_pickaxe":1},"minecraft:mined":{"minecraft:crafting_table":3,"minecraft:torch":2,"minecraft:grass_block":2,"minecraft:cyan_bed":1,"minecraft:sugar_cane":2,"minecraft:diorite":2,"minecraft:wall_torch":111,"minecraft:furnace":1,"minecraft:iron_ore":38,"minecraft:ice":1,"minecraft:spruce_log":17,"minecraft:andesite":15,"minecraft:grass":9,"minecraft:coal_ore":53,"minecraft:dripstone_block":1,"minecraft:packed_ice":4,"minecraft:stone":59,"minecraft:oak_leaves":3},"minecraft:used":{"minecraft:golden_boots":1,"minecraft:stone_pickaxe":131,"minecraft:leather_chestplate":1,"minecraft:spruce_planks":13,"minecraft:wooden_pickaxe":19,"minecraft:zombie_spawn_egg":1,"minecraft:cooked_chicken":4,"minecraft:torch":116,"minecraft:dirt":1,"minecraft:crafting_table":4,"minecraft:wooden_axe":5,"minecraft:iron_axe":13,"spartanshields:stone_basic_shield":12,"minecraft:iron_pickaxe":19,"minecraft:stone_axe":39,"minecraft:cobblestone":4,"minecraft:furnace":2,"minecraft:andesite":13,"minecraft:bucket":1,"tombstone:gift":4,"minecraft:powder_snow_bucket":2},"minecraft:killed_by":{"minecraft:player":2,"minecraft:zombie":2},"minecraft:custom":{"minecraft:interact_with_furnace":17,"minecraft:mob_kills":18,"minecraft:interact_with_crafting_table":12,"minecraft:open_barrel":7,"minecraft:leave_game":4,"minecraft:time_since_death":2219,"minecraft:sleep_in_bed":1,"minecraft:climb_one_cm":206,"minecraft:time_since_rest":977,"minecraft:sprint_one_cm":105773,"minecraft:damage_taken":612,"minecraft:walk_one_cm":86429,"minecraft:damage_blocked_by_shield":518,"minecraft:drop":12,"minecraft:damage_dealt":3412,"minecraft:swim_one_cm":1058,"minecraft:fly_one_cm":263529,"minecraft:open_chest":1,"minecraft:crouch_one_cm":4610,"minecraft:play_time":52588,"tombstone:undead_killed":13,"minecraft:deaths":4,"minecraft:sneak_time":2254,"minecraft:walk_under_water_one_cm":2197,"tombstone:villager_killed":1,"minecraft:jump":1045,"minecraft:walk_on_water_one_cm":1615,"minecraft:total_world_time":52588,"minecraft:fall_one_cm":17119},"minecraft:dropped":{"minecraft:gravel":2,"minecraft:stone_axe":1,"minecraft:dripstone_block":1,"minecraft:cobblestone":4,"minecraft:rotten_flesh":6,"minecraft:spruce_button":1,"minecraft:diorite":2,"minecraft:wooden_axe":2,"minecraft:stone_pickaxe":1,"minecraft:wooden_pickaxe":1}},"DataVersion":3120}