{"stats":{"minecraft:used":{"minecraft:dirt":3},"minecraft:mined":{"minecraft:grass":6,"minecraft:grass_block":3,"minecraft:ice":1},"minecraft:dropped":{"minecraft:sugar_cane":1},"minecraft:custom":{"minecraft:time_since_rest":1322,"minecraft:open_chest":1,"minecraft:crouch_one_cm":61,"minecraft:sprint_one_cm":30097,"minecraft:play_time":15260,"minecraft:damage_taken":1176,"minecraft:deaths":4,"minecraft:walk_one_cm":11799,"minecraft:sneak_time":16,"minecraft:drop":1,"minecraft:jump":429,"minecraft:damage_dealt":190,"minecraft:leave_game":3,"minecraft:time_since_death":633,"minecraft:total_world_time":15260,"minecraft:talked_to_villager":7,"minecraft:fall_one_cm":13401,"minecraft:fly_one_cm":132248},"minecraft:picked_up":{"minecraft:rotten_flesh":2,"minecraft:sugar_cane":1,"minecraft:dirt":3},"minecraft:killed_by":{"minecraft:iron_golem":2,"minecraft:spider":1,"minecraft:zombie":1}},"DataVersion":3120}