{"stats":{"minecraft:crafted":{"morearmor:cobblestone_armor_helmet":1,"minecraft:crafting_table":1,"minecraft:spruce_planks":68,"minecraft:spruce_button":1,"minecraft:wooden_pickaxe":1,"minecraft:cooked_chicken":4,"minecraft:furnace":1,"spartanshields:stone_basic_shield":1,"minecraft:stone_axe":1,"minecraft:air":0,"morearmor:cobblestone_armor_boots":1,"minecraft:iron_axe":1,"morearmor:cobblestone_armor_leggings":1,"minecraft:stick":16,"minecraft:iron_ingot":31,"minecraft:iron_pickaxe":1,"minecraft:stone_pickaxe":1,"spartanshields:wooden_basic_shield":1,"minecraft:torch":20},"minecraft:picked_up":{"minecraft:crafting_table":4,"minecraft:andesite":17,"health_crystal:health_crystal_shard":2,"minecraft:golden_boots":1,"minecraft:string":5,"minecraft:dirt":9,"minecraft:bone":5,"minecraft:wheat_seeds":2,"minecraft:raw_gold":10,"minecraft:stone_pickaxe":1,"minecraft:sugar_cane":4,"minecraft:egg":1,"minecraft:furnace":2,"minecraft:stone":2,"minecraft:raw_iron":67,"minecraft:torch":113,"minecraft:dripstone_block":2,"minecraft:gravel":2,"minecraft:porkchop":5,"tombstone:grave_dust":4,"minecraft:diorite":2,"minecraft:spruce_log":17,"minecraft:cyan_bed":1,"minecraft:spider_eye":1,"spartanweaponry:iron_battle_hammer":1,"minecraft:zombie_spawn_egg":3,"minecraft:arrow":3,"minecraft:purple_bed":2,"minecraft:rotten_flesh":15,"minecraft:coal":98,"minecraft:cobblestone":70},"minecraft:killed":{"minecraft:pig":2,"minecraft:spider":3,"creeperoverhaul:dripstone_creeper":1,"minecraft:phantom":2,"minecraft:skeleton":3,"minecraft:zombie":15,"creeperoverhaul:cave_creeper":3,"minecraft:villager":1},"minecraft:broken":{"minecraft:stone_pickaxe":1},"minecraft:mined":{"minecraft:crafting_table":4,"minecraft:torch":2,"minecraft:grass_block":7,"minecraft:tall_grass":3,"minecraft:cyan_bed":1,"minecraft:sugar_cane":2,"minecraft:diorite":2,"minecraft:wall_torch":111,"minecraft:purple_bed":2,"minecraft:furnace":2,"minecraft:iron_ore":67,"minecraft:ice":1,"minecraft:spruce_log":17,"minecraft:andesite":17,"health_crystal:health_crystal_ore":1,"minecraft:grass":11,"minecraft:coal_ore":53,"minecraft:dirt":1,"minecraft:dripstone_block":2,"minecraft:packed_ice":4,"minecraft:stone":70,"minecraft:gold_ore":10,"minecraft:oak_leaves":3},"minecraft:used":{"minecraft:golden_boots":1,"minecraft:stone_pickaxe":131,"minecraft:leather_chestplate":1,"minecraft:spruce_planks":13,"minecraft:wooden_pickaxe":19,"minecraft:zombie_spawn_egg":1,"minecraft:cooked_chicken":4,"minecraft:torch":117,"minecraft:dirt":5,"minecraft:crafting_table":4,"minecraft:wooden_axe":5,"minecraft:iron_axe":14,"spartanshields:stone_basic_shield":15,"minecraft:iron_pickaxe":74,"minecraft:stone_axe":39,"minecraft:cobblestone":17,"minecraft:purple_bed":2,"minecraft:furnace":2,"spartanweaponry:iron_battle_hammer":32,"minecraft:andesite":13,"minecraft:bucket":2,"tombstone:gift":4,"minecraft:egg":1,"minecraft:powder_snow_bucket":2},"minecraft:killed_by":{"minecraft:player":2,"minecraft:skeleton":1,"minecraft:zombie":2},"minecraft:custom":{"minecraft:interact_with_furnace":18,"minecraft:mob_kills":30,"minecraft:interact_with_crafting_table":13,"minecraft:open_barrel":7,"minecraft:leave_game":4,"minecraft:time_since_death":8049,"minecraft:sleep_in_bed":4,"minecraft:climb_one_cm":218,"minecraft:time_since_rest":6841,"minecraft:waystone_activated":1,"minecraft:sprint_one_cm":153088,"minecraft:damage_taken":865,"minecraft:walk_one_cm":108054,"minecraft:damage_blocked_by_shield":648,"minecraft:drop":18,"minecraft:damage_dealt":5893,"minecraft:swim_one_cm":2218,"minecraft:fly_one_cm":329008,"minecraft:open_chest":2,"minecraft:crouch_one_cm":5817,"minecraft:play_time":64588,"tombstone:undead_killed":18,"minecraft:deaths":5,"minecraft:sneak_time":2707,"minecraft:walk_under_water_one_cm":3836,"tombstone:villager_killed":1,"minecraft:jump":1403,"minecraft:walk_on_water_one_cm":5476,"minecraft:total_world_time":64588,"minecraft:fall_one_cm":23905},"minecraft:dropped":{"minecraft:gravel":2,"minecraft:stone_axe":1,"minecraft:wheat_seeds":2,"minecraft:dripstone_block":1,"minecraft:cobblestone":4,"minecraft:rotten_flesh":6,"minecraft:spruce_button":1,"minecraft:dirt":2,"minecraft:potato":1,"minecraft:diorite":2,"tombstone:grave_key":1,"minecraft:wooden_axe":2,"minecraft:stone_pickaxe":1,"minecraft:wooden_pickaxe":1}},"DataVersion":3120}